<?xml version="1.0"?>
<Runs Version="1" Minor="0">
	<Run Id="design_1_axi_bram_ctrl_0_0_synth_1" LaunchDir="C:/Work/Zynq_7000_PS_PL_Ower_DMA/Zynq_7000_PS_PL_Ower_DMA.runs/design_1_axi_bram_ctrl_0_0_synth_1" FlowId="Vivado_Synthesis" FromStepId="vivado" ToStepId="vivado"/>
	<Run Id="design_1_blk_mem_gen_0_0_synth_1" LaunchDir="C:/Work/Zynq_7000_PS_PL_Ower_DMA/Zynq_7000_PS_PL_Ower_DMA.runs/design_1_blk_mem_gen_0_0_synth_1" FlowId="Vivado_Synthesis" FromStepId="vivado" ToStepId="vivado"/>
	<Run Id="design_1_axi_dma_0_0_synth_1" LaunchDir="C:/Work/Zynq_7000_PS_PL_Ower_DMA/Zynq_7000_PS_PL_Ower_DMA.runs/design_1_axi_dma_0_0_synth_1" FlowId="Vivado_Synthesis" FromStepId="vivado" ToStepId="vivado"/>
	<Run Id="design_1_rst_ps7_0_100M_0_synth_1" LaunchDir="C:/Work/Zynq_7000_PS_PL_Ower_DMA/Zynq_7000_PS_PL_Ower_DMA.runs/design_1_rst_ps7_0_100M_0_synth_1" FlowId="Vivado_Synthesis" FromStepId="vivado" ToStepId="vivado"/>
	<Run Id="design_1_axi_bram_ctrl_1_0_synth_1" LaunchDir="C:/Work/Zynq_7000_PS_PL_Ower_DMA/Zynq_7000_PS_PL_Ower_DMA.runs/design_1_axi_bram_ctrl_1_0_synth_1" FlowId="Vivado_Synthesis" FromStepId="vivado" ToStepId="vivado" IsOrderedIPRun="true">
		<Parent Id="design_1_axi_bram_ctrl_0_0_synth_1"/>
	</Run>
	<Run Id="synth_1" LaunchDir="C:/Work/Zynq_7000_PS_PL_Ower_DMA/Zynq_7000_PS_PL_Ower_DMA.runs/synth_1" FlowId="Vivado_Synthesis" FromStepId="vivado" ToStepId="vivado">
		<Parent Id="design_1_axi_bram_ctrl_0_0_synth_1"/>
		<Parent Id="design_1_blk_mem_gen_0_0_synth_1"/>
		<Parent Id="design_1_axi_dma_0_0_synth_1"/>
		<Parent Id="design_1_rst_ps7_0_100M_0_synth_1"/>
		<Parent Id="design_1_axi_bram_ctrl_1_0_synth_1"/>
	</Run>
	<Parameters>
		<Parameter Name="runs.monitorLSFJobs" Val="true" Type="bool"/>
		<Parameter Name="runs.enableClusterConf" Val="true" Type="bool"/>
	</Parameters>
</Runs>

