<?xml version="1.0" encoding="UTF-8"?>
<GenRun Id="synth_1" LaunchPart="xc7z030sbg485-1" LaunchTime="1703147624">
  <File Type="PA-TCL" Name="DmaTransfer.tcl"/>
  <File Type="RDS-PROPCONSTRS" Name="DmaTransfer_drc_synth.rpt"/>
  <File Type="REPORTS-TCL" Name="DmaTransfer_reports.tcl"/>
  <File Type="RDS-RDS" Name="DmaTransfer.vds"/>
  <File Type="RDS-UTIL" Name="DmaTransfer_utilization_synth.rpt"/>
  <File Type="RDS-UTIL-PB" Name="DmaTransfer_utilization_synth.pb"/>
  <File Type="RDS-DCP" Name="DmaTransfer.dcp"/>
  <File Type="VDS-TIMINGSUMMARY" Name="DmaTransfer_timing_summary_synth.rpt"/>
  <File Type="VDS-TIMING-PB" Name="DmaTransfer_timing_summary_synth.pb"/>
  <FileSet Name="sources" Type="DesignSrcs" RelSrcDir="$PSRCDIR/sources_1" RelGenDir="$PGENDIR/sources_1">
    <Filter Type="Srcs"/>
    <File Path="$PSRCDIR/sources_1/bd/ProcessingSystem/ProcessingSystem.bd">
      <FileInfo>
        <Attr Name="UsedIn" Val="synthesis"/>
        <Attr Name="UsedIn" Val="implementation"/>
        <Attr Name="UsedIn" Val="simulation"/>
      </FileInfo>
    </File>
    <File Path="$PSRCDIR/sources_1/new/DmaTransfer.vhd">
      <FileInfo>
        <Attr Name="UsedIn" Val="synthesis"/>
        <Attr Name="UsedIn" Val="simulation"/>
      </FileInfo>
    </File>
    <Config>
      <Option Name="DesignMode" Val="RTL"/>
      <Option Name="TopModule" Val="DmaTransfer"/>
      <Option Name="TopAutoSet" Val="TRUE"/>
    </Config>
  </FileSet>
  <FileSet Name="constrs_in" Type="Constrs" RelSrcDir="$PSRCDIR/constrs_1" RelGenDir="$PGENDIR/constrs_1">
    <Filter Type="Constrs"/>
    <Config>
      <Option Name="ConstrsType" Val="XDC"/>
    </Config>
  </FileSet>
  <FileSet Name="utils" Type="Utils" RelSrcDir="$PSRCDIR/utils_1" RelGenDir="$PGENDIR/utils_1">
    <Filter Type="Utils"/>
    <Config>
      <Option Name="TopAutoSet" Val="TRUE"/>
    </Config>
  </FileSet>
  <Strategy Version="1" Minor="2">
    <StratHandle Name="Vivado Synthesis Defaults" Flow="Vivado Synthesis 2023"/>
    <Step Id="synth_design"/>
  </Strategy>
  <BlockFileSet Type="BlockSrcs" Name="SyncFifoBram37x1024"/>
</GenRun>
