<?xml version="1.0" encoding="UTF-8"?>
<GenRun Id="SyncFifoBram37x1024_synth_1" LaunchPart="xc7z030sbg485-1" LaunchTime="1703147624">
  <File Type="PA-TCL" Name="SyncFifoBram37x1024.tcl"/>
  <File Type="RDS-PROPCONSTRS" Name="SyncFifoBram37x1024_drc_synth.rpt"/>
  <File Type="REPORTS-TCL" Name="SyncFifoBram37x1024_reports.tcl"/>
  <File Type="RDS-RDS" Name="SyncFifoBram37x1024.vds"/>
  <File Type="RDS-UTIL" Name="SyncFifoBram37x1024_utilization_synth.rpt"/>
  <File Type="RDS-UTIL-PB" Name="SyncFifoBram37x1024_utilization_synth.pb"/>
  <File Type="RDS-DCP" Name="SyncFifoBram37x1024.dcp"/>
  <File Type="VDS-TIMINGSUMMARY" Name="SyncFifoBram37x1024_timing_summary_synth.rpt"/>
  <File Type="VDS-TIMING-PB" Name="SyncFifoBram37x1024_timing_summary_synth.pb"/>
  <FileSet Name="sources" Type="BlockSrcs" RelSrcDir="$PSRCDIR/SyncFifoBram37x1024" RelGenDir="$PGENDIR/SyncFifoBram37x1024">
    <File Path="$PPRDIR/SyncFifoBram37x1024/SyncFifoBram37x1024.xci">
      <FileInfo>
        <Attr Name="UsedIn" Val="synthesis"/>
        <Attr Name="UsedIn" Val="implementation"/>
        <Attr Name="UsedIn" Val="simulation"/>
      </FileInfo>
    </File>
    <Config>
      <Option Name="TopModule" Val="SyncFifoBram37x1024"/>
      <Option Name="UseBlackboxStub" Val="1"/>
    </Config>
  </FileSet>
  <FileSet Name="constrs_in" Type="BlockSrcs" RelSrcDir="$PSRCDIR/SyncFifoBram37x1024" RelGenDir="$PGENDIR/SyncFifoBram37x1024">
    <File Path="$PPRDIR/SyncFifoBram37x1024/SyncFifoBram37x1024.xci">
      <FileInfo>
        <Attr Name="UsedIn" Val="synthesis"/>
        <Attr Name="UsedIn" Val="implementation"/>
        <Attr Name="UsedIn" Val="simulation"/>
      </FileInfo>
    </File>
    <Config>
      <Option Name="TopModule" Val="SyncFifoBram37x1024"/>
      <Option Name="UseBlackboxStub" Val="1"/>
    </Config>
  </FileSet>
  <FileSet Name="utils" Type="Utils" RelSrcDir="$PSRCDIR/utils_1" RelGenDir="$PGENDIR/utils_1">
    <Filter Type="Utils"/>
    <Config>
      <Option Name="TopAutoSet" Val="TRUE"/>
    </Config>
  </FileSet>
  <Strategy Version="1" Minor="2">
    <StratHandle Name="Vivado Synthesis Defaults" Flow="Vivado Synthesis 2023">
      <Desc>Vivado Synthesis Defaults</Desc>
    </StratHandle>
    <Step Id="synth_design"/>
  </Strategy>
</GenRun>
