<?xml version="1.0"?>
<Runs Version="1" Minor="0">
	<Run Id="ProcessingSystem_axi_smc_0_synth_1" LaunchDir="C:/Work/Zynq_7000_PS_PL_Ower_DMA/Zynq_7000_PS_PL_Ower_DMA.runs/ProcessingSystem_axi_smc_0_synth_1" FlowId="Vivado_Synthesis" FromStepId="vivado" ToStepId="vivado"/>
	<Run Id="ProcessingSystem_rst_ps7_0_100M_0_synth_1" LaunchDir="C:/Work/Zynq_7000_PS_PL_Ower_DMA/Zynq_7000_PS_PL_Ower_DMA.runs/ProcessingSystem_rst_ps7_0_100M_0_synth_1" FlowId="Vivado_Synthesis" FromStepId="vivado" ToStepId="vivado"/>
	<Run Id="ProcessingSystem_processing_system7_0_0_synth_1" LaunchDir="C:/Work/Zynq_7000_PS_PL_Ower_DMA/Zynq_7000_PS_PL_Ower_DMA.runs/ProcessingSystem_processing_system7_0_0_synth_1" FlowId="Vivado_Synthesis" FromStepId="vivado" ToStepId="vivado"/>
	<Run Id="ProcessingSystem_axi_dma_0_0_synth_1" LaunchDir="C:/Work/Zynq_7000_PS_PL_Ower_DMA/Zynq_7000_PS_PL_Ower_DMA.runs/ProcessingSystem_axi_dma_0_0_synth_1" FlowId="Vivado_Synthesis" FromStepId="vivado" ToStepId="vivado"/>
	<Run Id="ProcessingSystem_axi_bram_ctrl_0_0_synth_1" LaunchDir="C:/Work/Zynq_7000_PS_PL_Ower_DMA/Zynq_7000_PS_PL_Ower_DMA.runs/ProcessingSystem_axi_bram_ctrl_0_0_synth_1" FlowId="Vivado_Synthesis" FromStepId="vivado" ToStepId="vivado"/>
	<Run Id="ProcessingSystem_axi_bram_ctrl_1_0_synth_1" LaunchDir="C:/Work/Zynq_7000_PS_PL_Ower_DMA/Zynq_7000_PS_PL_Ower_DMA.runs/ProcessingSystem_axi_bram_ctrl_1_0_synth_1" FlowId="Vivado_Synthesis" FromStepId="vivado" ToStepId="vivado" IsOrderedIPRun="true">
		<Parent Id="ProcessingSystem_axi_bram_ctrl_0_0_synth_1"/>
	</Run>
	<Run Id="ProcessingSystem_blk_mem_gen_0_0_synth_1" LaunchDir="C:/Work/Zynq_7000_PS_PL_Ower_DMA/Zynq_7000_PS_PL_Ower_DMA.runs/ProcessingSystem_blk_mem_gen_0_0_synth_1" FlowId="Vivado_Synthesis" FromStepId="vivado" ToStepId="vivado"/>
	<Run Id="ProcessingSystem_auto_us_0_synth_1" LaunchDir="C:/Work/Zynq_7000_PS_PL_Ower_DMA/Zynq_7000_PS_PL_Ower_DMA.runs/ProcessingSystem_auto_us_0_synth_1" FlowId="Vivado_Synthesis" FromStepId="vivado" ToStepId="vivado"/>
	<Run Id="ProcessingSystem_auto_pc_0_synth_1" LaunchDir="C:/Work/Zynq_7000_PS_PL_Ower_DMA/Zynq_7000_PS_PL_Ower_DMA.runs/ProcessingSystem_auto_pc_0_synth_1" FlowId="Vivado_Synthesis" FromStepId="vivado" ToStepId="vivado"/>
	<Run Id="ProcessingSystem_axi_smc_1_0_synth_1" LaunchDir="C:/Work/Zynq_7000_PS_PL_Ower_DMA/Zynq_7000_PS_PL_Ower_DMA.runs/ProcessingSystem_axi_smc_1_0_synth_1" FlowId="Vivado_Synthesis" FromStepId="vivado" ToStepId="vivado"/>
	<Run Id="synth_1" LaunchDir="C:/Work/Zynq_7000_PS_PL_Ower_DMA/Zynq_7000_PS_PL_Ower_DMA.runs/synth_1" FlowId="Vivado_Synthesis" FromStepId="vivado" ToStepId="vivado">
		<Parent Id="ProcessingSystem_axi_smc_0_synth_1"/>
		<Parent Id="ProcessingSystem_rst_ps7_0_100M_0_synth_1"/>
		<Parent Id="ProcessingSystem_processing_system7_0_0_synth_1"/>
		<Parent Id="ProcessingSystem_axi_dma_0_0_synth_1"/>
		<Parent Id="ProcessingSystem_axi_bram_ctrl_0_0_synth_1"/>
		<Parent Id="ProcessingSystem_axi_bram_ctrl_1_0_synth_1"/>
		<Parent Id="ProcessingSystem_blk_mem_gen_0_0_synth_1"/>
		<Parent Id="ProcessingSystem_auto_us_0_synth_1"/>
		<Parent Id="ProcessingSystem_auto_pc_0_synth_1"/>
		<Parent Id="ProcessingSystem_axi_smc_1_0_synth_1"/>
	</Run>
	<Run Id="impl_1" LaunchDir="C:/Work/Zynq_7000_PS_PL_Ower_DMA/Zynq_7000_PS_PL_Ower_DMA.runs/impl_1" FlowId="Vivado_Implementation" FromStepId="init_design" ToStepId="write_bitstream">
		<Parent Id="synth_1"/>
		<Parent Id="ProcessingSystem_axi_smc_0_synth_1"/>
		<Parent Id="ProcessingSystem_rst_ps7_0_100M_0_synth_1"/>
		<Parent Id="ProcessingSystem_processing_system7_0_0_synth_1"/>
		<Parent Id="ProcessingSystem_axi_dma_0_0_synth_1"/>
		<Parent Id="ProcessingSystem_axi_bram_ctrl_0_0_synth_1"/>
		<Parent Id="ProcessingSystem_axi_bram_ctrl_1_0_synth_1"/>
		<Parent Id="ProcessingSystem_blk_mem_gen_0_0_synth_1"/>
		<Parent Id="ProcessingSystem_auto_us_0_synth_1"/>
		<Parent Id="ProcessingSystem_auto_pc_0_synth_1"/>
		<Parent Id="ProcessingSystem_axi_smc_1_0_synth_1"/>
	</Run>
	<Parameters>
		<Parameter Name="runs.monitorLSFJobs" Val="true" Type="bool"/>
		<Parameter Name="runs.enableClusterConf" Val="true" Type="bool"/>
	</Parameters>
</Runs>

