<?xml version="1.0"?>
<Runs Version="1" Minor="0">
	<Run Id="SyncFifoBram37x1024_synth_1" LaunchDir="C:/Work/Zynq_7000_PS_PL_Ower_DMA/Zynq_7000_PS_PL_Ower_DMA.runs/SyncFifoBram37x1024_synth_1" FlowId="Vivado_Synthesis" FromStepId="vivado" ToStepId="vivado"/>
	<Run Id="synth_1" LaunchDir="C:/Work/Zynq_7000_PS_PL_Ower_DMA/Zynq_7000_PS_PL_Ower_DMA.runs/synth_1" FlowId="Vivado_Synthesis" FromStepId="vivado" ToStepId="vivado">
		<Parent Id="SyncFifoBram37x1024_synth_1"/>
	</Run>
	<Parameters>
		<Parameter Name="runs.monitorLSFJobs" Val="true" Type="bool"/>
		<Parameter Name="runs.enableClusterConf" Val="true" Type="bool"/>
	</Parameters>
</Runs>

